Sherlock,Charlotte
Sherlocks,Charlottes
John,Joan
Johns,Joans
Irene,Ivan
Irenes,Ivans
Godfrey,Gloria
Godfreys,Glorias
Wilhelm,Wilhelmine
Wilhelms,Wilhelmines
Jabez,Jovina
Jabezs,Jovinas
Vincent,Vincentia
Vincents,Vincentias
Peter,Patricia
Peters,Patricias
Mary,Mark
Marys,Marks
Hosmer,Hazel
Hosmers,Hazels
Charles,Charlene
Charless,Charlenes
James,Jane
Jamess,Janes
Elias,Elisa
Eliass,Elisas
Joseph,Josephine
Josephs,Josephines
Isa,Ismael
Isas,Ismaels
Kate,Kyle
Kates,Kyles
Neville,Niveah
Nevilles,Niveahs
Hugh,Hannah
Hughs,Hannahs
Henry,Henrietta
Henrys,Henriettas
Helen,Harold
Helens,Harolds
Julia,Joshua
Julias,Joshuas
Grimesby,Genoaby
Grimesbys,Genoabys
Lysander,Lysandra
Lysanders,Lysandras
Victor,Victoria
Victors,Victorias
Elise,Elliot
Elises,Elliots
Robert,Roberta
Roberts,Robertas
Hatty,Harry
Hattys,Harrys
Flora,Florian
Floras,Florians
Aloysius,Agatha
Aloysiuss,Agathas
Francis,Frances
Franciss,Francess
Alexander,Alexandra
Alexanders,Alexandras
Arthur,Althea
Arthurs,Altheas
George,Gertrude
Georges,Gertrudes
Lucy,Louis
Lucys,Louiss
Violet,Oliver
Violets,Olivers
Alice,Alistair
Alices,Alistairs
Spence,Sarah
Spences,Sarahs
Jephro,Jennifer
Jephros,Jennifers
Ezekiah,Eliza
Ezekiahs,Elizas
Honoria,Honor
Honorias,Honors
Clotilde,Claude
Clotildes,Claudes
Duncan,Gillian
Duncans,Gillians
Archie,Annie
Archies,Annies
Catherine,Christopher
Catherines,Christophers
Percy,Penny
Percys,Pennys
Fritz,Frieda
Fritzs,Friedas
Jeremiah,Jessica
Jeremiahs,Jessicas
Clara,Clark
Claras,Clarks
Alicia,Alan
Alicias,Alans
Frank,Fran
Franks,Frans
