Sherlock,Hemlock
John,Jean
Irene,Eren
Godfrey,Gabriel
Wilhelm,Waverly
Jabez,Jadin
Vincent,Quinn
Peter,Peyton
Mary,Marion
Hosmer,Hunter
Charles,Charlie
James,Jamie
Elias,Elia
Joseph,Jordan
Kate,Casey
Neville,Noel
Hugh,Pip
Henry,Rory
Helen,Harley
Julia,Jules
Grimesby,Genoaby
Lysander,Lynn
Victor,Val
Elise,Eli
Robert,Reagan
Hatty,Rudy
Flora,Fiore
Aloysius,Auguste
Alexander,Alex
Arthur,Ash
George,Jude
Lucy,Lesley
Violet,Vala
Alice,Asa
Spence,Shannon
Jephro,Jordan
Ezekiah,Emerson
Honoria,Honor
Clotilde,Robin
Duncan,Dana
Archie,Riley
Catherine,Chris
Percy,Rowan
Fritz,Fer
Jeremiah,Jessie
Clara,Clair
Alicia,Alexis
Frank,Frances
